{
  "IsEncrypted": false,
  "Values": {
    "AzureWebJobsStorage": "DefaultEndpointsProtocol=https;AccountName=mythicaledge1;AccountKey=0UOwEquDAHWDaqX4pnvfc+AX5E4+bPk/ikARohoZuJ/IPzF3x1dWwEjQx3CbGS8VkoFwld9uZRKYy6C2IVSaNg==;EndpointSuffix=core.windows.net",
    "FUNCTIONS_WORKER_RUNTIME": "dotnet",
    "IOTHUB_CONN_STRING_CSHARP": "HostName=mythicaledge1.azure-devices.net;SharedAccessKeyName=iothubowner;SharedAccessKey=FI3shVytr082aNZ7hn7KgNjNwVj3Kkju5wcPNXa1MI8=",
    "ACRUSER": "paddycontainers",
    "ACRPASSWORD": "WjPE2ARO6sAs/ytqEjyLlhmVG7PiuXd1",
    "ACR": "paddycontainers.azurecr.io",
    "COSMOSENDPOINT": "https://mythicaledgedb.documents.azure.com:443/",
    "COSMOSKEY": "aj48iIFsLxeFT3w7Dd7vtVBnRGX9GHAArF3bNs3lNacMF9xhsHnMlZTLGvXM6gTN5Y4LXq4R5FWGhMe7DtxHrA==",
    "COSMOSACCOUNTNAME": "mythicaledge",
    "COSMOSCONTAINER_ALLMODULES": "allmodules",
    "COSMOSCONTAINER_MANIFEST": "manifest"
  }
}