{"schemaVersion":"1.0","appDefinitionTemplate":{"id":"/providers/Microsoft.PowerApps/apps/","type":"Microsoft.PowerApps/apps","tags":{"primaryDeviceWidth":"1366","primaryDeviceHeight":"768","sienaVersion":"20210102T114306Z-3.20114.22.0","deviceCapabilities":"","supportsPortrait":"false","supportsLandscape":"true","primaryFormFactor":"Tablet","publisherVersion":"3.20114.22","minimumRequiredApiVersion":"2.2.0","hasComponent":"false","hasUnlockedComponent":"false","isUnifiedRootApp":"false"},"properties":{"appVersion":"2021-01-02T11:43:06Z","lifeCycleId":"Published","createdByClientVersion":{"major":3,"minor":20114,"build":22,"revision":0,"majorRevision":0,"minorRevision":0},"minClientVersion":{"major":3,"minor":20114,"build":22,"revision":0,"majorRevision":0,"minorRevision":0},"backgroundColor":"rgba(0, 176, 240, 1)","backgroundImageUri":"/4321660710077999971/Nb7484b82-bebf-4e37-8786-99763ba3b65f-logoSmallFile","displayName":"PowerAppOperator4IoTEdge","description":"","commitMessage":"","appUris":{"documentUri":{"value":"/4321660710077999971/N78674c7f-559b-48a8-a5d9-f4665a462d89-document.msapp"},"imageUris":[]},"createdTime":"0001-01-01T00:00:00Z","lastModifiedTime":"0001-01-01T00:00:00Z","sharedGroupsCount":0,"sharedUsersCount":0,"icons":{"smallIconUri":"/4321660710077999971/N2f991b6c-de0f-4f17-aadc-d8dfeab4b841-small.png","mediumIconUri":"/4321660710077999971/Nddab65f2-e226-4aa2-9ca8-44bf46ea70f8-medium.png","largeIconUri":"/4321660710077999971/N214bf79e-9916-4bbe-9088-1829a662b4d9-large.png","wideIconUri":"/4321660710077999971/Na75cf15c-612d-474b-8b88-d317e430f648-wide.png"},"connectionReferences":{},"databaseReferences":{"default.cds":{"databaseDetails":{"referenceType":"Environmental","environmentName":"default.cds"},"dataSources":{"Modules":{"entitySetName":"cr865_modules","logicalName":"cr865_module"},"Edges":{"entitySetName":"cr865_edges","logicalName":"cr865_edge"},"EdgeModules":{"entitySetName":"cr865_edgemodules","logicalName":"cr865_edgemodule"},"EdgeRoutes":{"entitySetName":"cr865_edgeroutes","logicalName":"cr865_edgeroute"},"EdgeDeployments":{"entitySetName":"cr865_edgedeploymentses","logicalName":"cr865_edgedeployments"},"Devices":{"entitySetName":"cr865_devices","logicalName":"cr865_device"},"Users":{"entitySetName":"systemusers","logicalName":"systemuser"}}}},"almMode":"Solution","performanceOptimizationEnabled":true,"executionRestrictions":{"isTeamsOnly":false,"dataLossPreventionEvaluationResult":{"status":"Compliant","lastEvaluationDate":"2020-12-28T13:14:05.7952819Z","violationDetails":[]}}},"isAppComponentLibrary":false,"appType":"ClassicCanvasApp","appComponents":[]}}