{"properties":{"connectionReferences":{"shared_commondataserviceforapps":{"impersonation":{},"runtimeSource":"embedded","connection":{},"api":{"name":"shared_commondataserviceforapps"}},"shared_commondataservice":{"runtimeSource":"embedded","connection":{},"api":{"name":"shared_commondataservice"}}},"definition":{"$schema":"https://schema.management.azure.com/providers/Microsoft.Logic/schemas/2016-06-01/workflowdefinition.json#","contentVersion":"1.0.0.0","parameters":{"$connections":{"defaultValue":{},"type":"Object"},"$authentication":{"defaultValue":{},"type":"SecureObject"}},"triggers":{"When_a_record_is_created":{"type":"OpenApiConnectionWebhook","inputs":{"host":{"apiId":"/providers/Microsoft.PowerApps/apis/shared_commondataservice","connectionName":"shared_commondataservice","operationId":"SubscribeOnNewItems"},"parameters":{"dataset":"orgbb4841aa.crm","table":"cr865_edgedeploymentses","scope":"Organization"},"authentication":"@parameters('$authentication')"}}},"actions":{"Get_Edge_Information":{"runAfter":{"Initialize_EmptyArr":["Succeeded"]},"type":"OpenApiConnection","inputs":{"host":{"apiId":"/providers/Microsoft.PowerApps/apis/shared_commondataserviceforapps","connectionName":"shared_commondataserviceforapps","operationId":"GetItem"},"parameters":{"entityName":"cr865_edges","recordId":"@triggerOutputs()?['body/_cr865_edge_value']"},"authentication":"@parameters('$authentication')"}},"For_Each_EdgeModule":{"foreach":"@outputs('Get_Edge_Modules')?['body/value']","actions":{"Apply_to_each_EdgeRoute":{"foreach":"@outputs('List_edgeRoutes_for_the_Module')?['body/value']","actions":{"Compose_Routes":{"runAfter":{},"type":"Compose","inputs":{"RouteInstanceName":"@items('Apply_to_each_EdgeRoute')?['cr865_name']","FromModule":"@items('Apply_to_each_EdgeRoute')?['cr865_frommodulenamebuffer']","ToModule":"@items('Apply_to_each_EdgeRoute')?['cr865_tomodulenamebuffer']","FromChannel":"@items('Apply_to_each_EdgeRoute')?['cr865_fromchannel']","ToChannel":"@items('Apply_to_each_EdgeRoute')?['cr865_tochannel']"}},"Append_to_Routes_Array":{"runAfter":{"Compose_Routes":["Succeeded"]},"type":"AppendToArrayVariable","inputs":{"name":"RoutesArr","value":"@outputs('Compose_Routes')"}}},"runAfter":{"Set_variable":["Succeeded"]},"type":"Foreach"},"List_edgeRoutes_for_the_Module":{"runAfter":{},"type":"OpenApiConnection","inputs":{"host":{"apiId":"/providers/Microsoft.PowerApps/apis/shared_commondataserviceforapps","connectionName":"shared_commondataserviceforapps","operationId":"ListRecords"},"parameters":{"entityName":"cr865_edgeroutes","$filter":"cr865_frommodulenamebuffer eq '@{items('For_Each_EdgeModule')?['cr865_modulenamebuffer']}' and cr865_edgenamebuffer eq '@{items('For_Each_EdgeModule')?['cr865_edgenamebuffer']}'"},"authentication":"@parameters('$authentication')"}},"Compose_Modules_and_Routes":{"runAfter":{"Apply_to_each_EdgeRoute":["Succeeded"]},"type":"Compose","inputs":{"ModuleInstanceName":"@items('For_Each_EdgeModule')?['cr865_moduleinstancename']","Module":"@items('For_Each_EdgeModule')?['cr865_modulenamebuffer']","DesiredProperties":"@items('For_Each_EdgeModule')?['cr865_desiredproperties']","Routes":"@variables('RoutesArr')"}},"Set_variable":{"runAfter":{"List_edgeRoutes_for_the_Module":["Succeeded"]},"type":"SetVariable","inputs":{"name":"RoutesArr","value":"@variables('EmptyArr')"}},"Append_to_array_variable":{"runAfter":{"Compose_Modules_and_Routes":["Succeeded"]},"type":"AppendToArrayVariable","inputs":{"name":"JSONArr","value":"@outputs('Compose_Modules_and_Routes')"}}},"runAfter":{"Get_Edge_Modules":["Succeeded"]},"type":"Foreach"},"Get_Edge_Modules":{"runAfter":{"Get_Edge_Information":["Succeeded"]},"type":"OpenApiConnection","inputs":{"host":{"apiId":"/providers/Microsoft.PowerApps/apis/shared_commondataserviceforapps","connectionName":"shared_commondataserviceforapps","operationId":"ListRecords"},"parameters":{"entityName":"cr865_edgemodules","$filter":"cr865_edgenamebuffer eq '@{outputs('Get_Edge_Information')?['body/cr865_name']}' "},"authentication":"@parameters('$authentication')"}},"Initialize_RoutesArr":{"runAfter":{"Initialize_Output":["Succeeded"]},"type":"InitializeVariable","inputs":{"variables":[{"name":"RoutesArr","type":"array"}]}},"Initialize_JSONArr":{"runAfter":{"Initialize_RoutesArr":["Succeeded"]},"type":"InitializeVariable","inputs":{"variables":[{"name":"JSONArr","type":"array"}]}},"Initialize_EmptyArr":{"runAfter":{"Initialize_JSONArr":["Succeeded"]},"type":"InitializeVariable","inputs":{"variables":[{"name":"EmptyArr","type":"array"}]}},"Initialize_Output":{"runAfter":{},"type":"InitializeVariable","inputs":{"variables":[{"name":"Outtput","type":"string"}]}},"Set_variable_2":{"runAfter":{"For_Each_EdgeModule":["Succeeded"]},"type":"SetVariable","inputs":{"name":"Outtput","value":"@{variables('JSONArr')}"}}}}},"schemaVersion":"1.0.0.0"}